fips,weightedAverage,cases
"1,001",3.003,"8,443"
"1,003",2.968,"5,248"
"1,005",2.928,"4,861"
"1,007",3.348,"2,696"
"1,009",2.892,"3,617"
"1,011",3.186,"4,898"
"1,013",2.782,"8,329"
"1,015",2.637,"5,601"
"1,017",2.985,"8,634"
"1,019",2.903,"1,449"
"1,021",3.24,"3,758"
"1,023",3.219,"2,663"
"1,025",2.94,"3,825"
"1,027",2.371,966
"1,029",2.524,525
"1,031",2.762,"5,271"
"1,033",2.917,"6,004"
"1,035",2.742,"2,869"
"1,037",2.79,801
"1,039",2.413,"5,213"
"1,041",2.852,"1,712"
"1,043",2.689,"6,913"
"1,045",2.849,"4,406"
"1,047",2.88,"8,200"
"1,049",3.12,"8,766"
"1,051",3.045,"6,496"
"1,053",2.805,"5,490"
"1,055",2.829,"8,051"
"1,057",2.765,"1,032"
"1,059",2.921,"11,925"
"1,061",2.563,"1,148"
"1,063",3.3,"2,468"
"1,065",3.358,"4,346"
"1,067",2.934,"1,868"
"1,069",2.885,"7,234"
"1,071",2.896,"4,583"
"1,073",3.3,0
"1,075",2.984,"1,077"
"1,077",2.814,"6,923"
"1,079",2.685,"1,587"
"1,081",3.137,0
"1,083",2.888,"7,272"
"1,085",2.816,"6,249"
"1,087",3.211,"2,700"
"1,089",3.183,0
"1,091",2.993,"4,281"
"1,093",2.589,"3,343"
"1,095",2.997,0
"1,097",3.03,0
"1,099",2.781,"3,229"
"1,101",3.029,0
"1,103",2.989,0
"1,105",3.291,"2,642"
"1,107",3.205,"3,266"
"1,109",2.74,"5,947"
"1,111",2.34,"3,046"
"1,113",3.146,"8,057"
"1,115",3.002,"6,089"
"1,117",3.211,0
"1,119",3.143,"3,756"
"1,121",2.517,"4,708"
"1,123",2.879,"8,039"
"1,125",3.193,0
"1,127",2.855,"5,670"
"1,129",3.182,"1,671"
"1,131",2.877,"3,911"
"1,133",2.499,"3,646"
"2,013",3.252,26
"2,016",3.198,72
"2,020",3.388,"8,669"
"2,050",3.052,183
"2,068",3.15,13
"2,070",3.188,272
"2,090",2.788,"2,764"
"2,100",2.961,78
"2,110",2.933,682
"2,122",3.388,"2,569"
"2,130",2.849,405
"2,150",3.372,128
"2,158",2.987,19
"2,170",3.381,"1,680"
"2,180",2.911,171
"2,185",2.994,57
"2,188",2.72,74
"2,195",2.898,93
"2,198",2.867,39
"2,220",2.922,234
"2,240",2.979,233
"2,261",3.396,379
"2,275",2.871,104
"2,290",3.006,85
"4,001",3.379,0
"4,003",3.225,"7,494"
"4,005",3.358,0
"4,007",3.27,"5,018"
"4,009",2.9,"2,206"
"4,011",2.866,341
"4,012",3.187,"4,948"
"4,013",3.553,0
"4,015",3.136,0
"4,017",3.051,0
"4,019",3.569,0
"4,021",3.359,0
"4,023",3.688,0
"4,025",3.319,"5,496"
"4,027",3.708,0
"5,001",3.217,610
"5,003",3.16,"1,170"
"5,005",2.768,346
"5,007",3.252,0
"5,009",2.62,506
"5,011",2.784,828
"5,013",2.597,28
"5,015",2.993,"2,679"
"5,017",2.875,"2,475"
"5,019",3.016,841
"5,021",2.744,953
"5,023",3.212,"1,559"
"5,025",2.931,413
"5,027",2.462,"1,273"
"5,029",2.735,"1,047"
"5,031",2.702,"6,641"
"5,033",2.535,"3,097"
"5,035",3.187,"10,474"
"5,037",2.916,"1,209"
"5,039",2.665,138
"5,041",3.016,901
"5,043",3.032,"1,066"
"5,045",3.094,"8,667"
"5,047",2.49,369
"5,049",2.568,212
"5,051",3.252,"3,935"
"5,053",3.027,662
"5,055",2.675,"1,754"
"5,057",3.018,912
"5,059",3.132,"5,778"
"5,061",3.035,"1,534"
"5,063",2.629,851
"5,065",2.797,313
"5,067",2.782,470
"5,069",3.207,"10,388"
"5,071",2.488,"4,130"
"5,073",2.884,312
"5,075",2.676,"1,413"
"5,077",2.839,"10,505"
"5,079",3.223,0
"5,081",2.932,540
"5,083",2.695,879
"5,085",3.104,"2,356"
"5,087",3.004,"2,750"
"5,089",2.634,160
"5,091",2.941,"2,858"
"5,093",2.989,"3,378"
"5,095",2.819,242
"5,097",2.949,85
"5,099",2.892,"1,385"
"5,101",2.723,105
"5,103",2.739,358
"5,105",2.928,436
"5,107",3.065,"2,136"
"5,109",2.993,192
"5,111",2.829,869
"5,113",2.526,"1,067"
"5,115",2.576,"7,373"
"5,117",2.759,334
"5,119",3.38,0
"5,121",2.662,820
"5,123",2.786,"11,563"
"5,125",3.084,"5,237"
"5,127",2.589,188
"5,129",2.937,180
"5,131",2.568,"9,060"
"5,133",2.766,"9,999"
"5,135",2.596,792
"5,137",3.006,254
"5,139",2.537,"3,416"
"5,141",3.224,451
"5,143",3.392,0
"5,145",3.153,"1,489"
"5,147",2.973,124
"5,149",2.814,"9,973"
"6,001",3.667,0
"6,003",3.279,13
"6,005",3.395,437
"6,007",3.381,"3,811"
"6,009",3.291,791
"6,011",3.468,"1,259"
"6,013",3.681,0
"6,015",3.135,756
"6,017",3.435,"3,582"
"6,019",3.572,0
"6,021",3.312,"1,845"
"6,023",3.709,"2,041"
"6,025",3.793,0
"6,027",3.757,429
"6,029",3.441,0
"6,031",3.46,0
"6,033",3.822,"1,317"
"6,035",2.995,"3,731"
"6,037",3.648,0
"6,039",3.531,"8,306"
"6,041",3.723,0
"6,043",3.394,399
"6,045",3.757,"1,397"
"6,047",3.464,0
"6,051",3.78,620
"6,053",3.613,0
"6,055",3.631,"5,916"
"6,057",3.481,"1,972"
"6,059",3.597,0
"6,061",3.542,"7,057"
"6,063",3.295,148
"6,065",3.656,0
"6,067",3.532,0
"6,069",3.611,"4,078"
"6,071",3.592,0
"6,073",3.669,0
"6,075",3.712,0
"6,077",3.396,0
"6,079",3.585,"8,760"
"6,081",3.651,0
"6,083",3.577,0
"6,085",3.654,0
"6,087",3.687,"6,577"
"6,089",3.082,"2,240"
"6,091",3.044,13
"6,093",2.923,455
"6,095",3.472,0
"6,097",3.683,0
"6,099",3.491,0
"6,101",3.356,"4,191"
"6,103",3.109,"1,275"
"6,105",3.151,39
"6,107",3.417,0
"6,109",3.459,749
"6,111",3.653,0
"6,113",3.717,"10,125"
"6,115",3.354,"2,062"
"8,001",3.464,0
"8,003",2.977,"2,627"
"8,005",3.547,0
"8,007",3.131,144
"8,009",2.799,182
"8,011",3.221,56
"8,013",3.664,0
"8,014",3.628,"4,241"
"8,015",3.307,"1,161"
"8,017",2.761,65
"8,019",3.552,269
"8,021",3.057,209
"8,023",3.325,286
"8,025",3.436,921
"8,027",3.098,41
"8,029",2.927,"1,087"
"8,031",3.552,0
"8,035",3.471,"1,977"
"8,037",3.624,"9,528"
"8,039",3.182,779
"8,041",3.251,0
"8,043",3.445,539
"8,045",3.22,"4,645"
"8,047",3.711,101
"8,049",3.679,313
"8,051",3.292,"2,474"
"8,053",3.173,39
"8,055",3.358,54
"8,057",3.313,53
"8,059",3.455,0
"8,063",2.353,450
"8,065",3.679,682
"8,067",3.25,"1,671"
"8,069",3.486,"11,071"
"8,071",3.334,121
"8,073",2.953,52
"8,075",2.512,"8,321"
"8,077",2.963,"1,654"
"8,079",3.052,169
"8,081",2.802,182
"8,083",3.296,983
"8,085",2.926,"2,774"
"8,087",2.712,"8,527"
"8,089",3.445,290
"8,091",3.083,154
"8,093",3.523,392
"8,095",2.701,208
"8,097",3.532,"1,510"
"8,099",2.935,406
"8,101",3.368,"5,430"
"8,103",2.867,62
"8,105",2.866,"1,040"
"8,107",3.301,"1,031"
"8,109",2.866,"1,333"
"8,111",3.294,26
"8,113",3.246,560
"8,115",2.711,2
"8,117",3.718,"3,722"
"8,119",3.042,675
"8,121",2.559,598
"8,123",3.201,0
"8,125",2.475,694
"9,001",3.601,0
"9,003",3.611,0
"9,005",3.635,0
"9,007",3.729,0
"9,009",3.645,0
"9,011",3.567,0
"9,013",3.743,"12,018"
"9,015",3.488,"8,137"
"10,001",3.615,0
"10,003",3.638,0
"10,005",3.804,0
"11,001",3.615,0
"12,001",3.644,0
"12,003",2.849,"1,630"
"12,005",3.059,"5,985"
"12,007",2.555,"1,456"
"12,009",3.164,0
"12,011",3.624,0
"12,013",3.16,"1,591"
"12,015",3.285,"6,358"
"12,017",3.18,"5,967"
"12,019",3.074,"3,599"
"12,021",3.425,0
"12,023",2.904,"5,493"
"12,027",3.462,"10,211"
"12,029",2.875,"1,202"
"12,031",3.312,0
"12,033",3.268,0
"12,035",3.155,"5,571"
"12,037",2.907,297
"12,039",3.222,"6,582"
"12,041",3.021,"1,633"
"12,043",3.274,"2,463"
"12,045",2.952,846
"12,047",2.682,"5,244"
"12,049",2.877,"7,097"
"12,051",3.316,993
"12,053",3.148,"8,801"
"12,055",3.3,"6,029"
"12,057",3.522,0
"12,059",2.82,"2,738"
"12,061",3.236,"6,335"
"12,063",2.992,"6,437"
"12,065",3.492,921
"12,067",2.701,593
"12,069",3.293,0
"12,071",3.316,0
"12,073",3.432,0
"12,075",3.205,"2,989"
"12,077",3.165,"3,306"
"12,079",2.533,"3,706"
"12,081",3.268,0
"12,083",3.11,"4,387"
"12,085",3.533,0
"12,086",3.551,0
"12,087",3.782,"5,810"
"12,089",2.913,"5,079"
"12,091",2.883,"6,193"
"12,093",3.535,"6,122"
"12,095",3.552,0
"12,097",3.546,0
"12,099",3.604,0
"12,101",3.512,0
"12,103",3.566,0
"12,105",3.269,0
"12,107",3.16,"8,002"
"12,109",3.178,0
"12,111",3.293,0
"12,113",3.007,"5,937"
"12,115",3.518,0
"12,117",3.462,0
"12,119",3.381,"6,821"
"12,121",2.7,"8,668"
"12,123",2.805,"1,481"
"12,125",3.085,"1,255"
"12,127",3.292,0
"12,129",2.977,"1,360"
"12,131",3.024,"5,521"
"12,133",2.911,"1,860"
"13,001",2.697,"4,058"
"13,003",2.889,"2,331"
"13,005",2.754,"3,751"
"13,007",3.509,566
"13,009",3.149,"7,876"
"13,011",2.663,"1,927"
"13,013",3.112,"7,562"
"13,015",2.605,"9,075"
"13,017",2.834,"2,657"
"13,019",2.892,"1,995"
"13,021",2.997,969
"13,023",3.065,"1,023"
"13,025",2.961,"1,589"
"13,027",2.658,"2,608"
"13,029",3.323,"2,655"
"13,031",3.001,"7,178"
"13,033",2.875,"2,160"
"13,035",2.934,"4,132"
"13,037",3.585,"2,178"
"13,039",2.628,"2,981"
"13,043",3.099,956
"13,045",2.773,"6,777"
"13,047",2.531,"4,408"
"13,049",2.962,"1,104"
"13,051",3.298,0
"13,053",3.11,"5,769"
"13,055",2.709,961
"13,057",3.229,0
"13,059",3.267,"9,568"
"13,061",3.223,755
"13,063",3.277,0
"13,065",3.15,"1,485"
"13,067",3.244,0
"13,069",2.734,"9,751"
"13,071",2.614,0
"13,073",3.144,"9,421"
"13,075",2.753,"2,642"
"13,077",2.851,"10,649"
"13,079",2.961,701
"13,081",3.172,"3,877"
"13,083",2.309,989
"13,085",3.116,"2,122"
"13,087",2.986,"3,708"
"13,089",3.462,0
"13,091",2.805,"1,641"
"13,093",3.27,"2,826"
"13,095",3.508,0
"13,097",3.175,0
"13,099",3.073,"3,765"
"13,101",2.827,"2,468"
"13,103",3.07,"3,106"
"13,105",2.672,"1,856"
"13,107",3.084,"2,263"
"13,109",2.894,513
"13,111",3.074,"1,500"
"13,113",3.022,"5,999"
"13,115",2.528,"8,488"
"13,117",3.357,"4,611"
"13,119",2.653,"3,042"
"13,121",3.423,0
"13,123",2.99,"2,814"
"13,125",2.834,160
"13,127",3.054,972
"13,129",2.449,"6,218"
"13,131",2.831,"3,097"
"13,133",3.32,"1,420"
"13,135",3.342,0
"13,137",2.928,"9,597"
"13,139",3.099,0
"13,141",3.119,"2,919"
"13,143",2.385,"1,246"
"13,145",3.046,"5,194"
"13,147",2.962,"1,218"
"13,149",2.742,939
"13,151",3.085,0
"13,153",3.191,"9,098"
"13,155",2.855,"1,134"
"13,157",2.775,"6,130"
"13,159",3.015,"1,055"
"13,161",2.577,"1,816"
"13,163",2.531,"2,150"
"13,165",2.956,"1,696"
"13,167",2.896,"1,471"
"13,169",2.886,"1,547"
"13,171",2.905,"1,801"
"13,173",2.911,"2,035"
"13,175",2.775,"3,762"
"13,177",3.525,"5,349"
"13,179",3.332,"2,489"
"13,181",2.941,717
"13,183",3.252,786
"13,185",2.763,0
"13,187",3.097,"2,039"
"13,189",3.046,"1,764"
"13,191",3.039,907
"13,193",3.105,"1,671"
"13,195",2.796,"1,830"
"13,197",2.774,"1,189"
"13,199",2.88,"2,987"
"13,201",3.053,715
"13,205",3.219,"6,163"
"13,207",2.982,"2,775"
"13,209",2.719,573
"13,211",3.21,922
"13,213",2.593,"3,518"
"13,215",3.134,0
"13,217",2.943,"10,376"
"13,219",3.24,"2,671"
"13,221",3.241,"1,315"
"13,223",2.959,"9,886"
"13,225",3.166,"1,721"
"13,227",3.104,"1,393"
"13,229",2.956,"2,921"
"13,231",3.098,"1,395"
"13,233",2.83,"3,545"
"13,235",3.181,737
"13,237",3.035,"2,551"
"13,239",2.981,254
"13,241",2.874,842
"13,243",3.441,"2,680"
"13,245",3.139,0
"13,247",3.092,"7,989"
"13,249",2.966,356
"13,251",2.597,"1,355"
"13,253",2.928,696
"13,255",3.038,"6,645"
"13,257",2.758,"3,697"
"13,259",3.035,"2,562"
"13,261",3.318,"7,693"
"13,263",2.739,"1,136"
"13,265",3.27,30
"13,267",2.912,"2,240"
"13,269",2.724,462
"13,271",2.675,"1,920"
"13,273",3.61,"3,098"
"13,275",3.14,"6,998"
"13,277",2.997,"11,669"
"13,279",2.821,"3,862"
"13,281",3.013,752
"13,283",2.803,489
"13,285",2.791,0
"13,287",2.943,"2,392"
"13,289",3.085,467
"13,291",3.037,"1,192"
"13,293",2.63,"4,969"
"13,295",2.492,"4,649"
"13,297",2.686,"6,512"
"13,299",3.048,"7,398"
"13,301",2.919,376
"13,303",3.115,"2,072"
"13,305",3.042,"1,683"
"13,307",3.312,359
"13,309",2.672,730
"13,311",3.035,"2,076"
"13,313",2.512,0
"13,315",2.93,"1,730"
"13,317",3.022,"1,140"
"13,319",3.152,"1,274"
"13,321",3.203,"4,426"
"15,001",3.668,"1,255"
"15,003",3.711,"10,626"
"15,007",3.737,538
"15,009",3.644,"1,692"
"16,001",2.932,0
"16,003",2.322,152
"16,005",2.538,"1,893"
"16,007",2.593,33
"16,009",3.219,320
"16,011",2.45,"1,028"
"16,013",2.725,"7,079"
"16,015",3.033,88
"16,017",2.821,676
"16,019",2.391,"2,286"
"16,021",2.996,44
"16,025",2.974,13
"16,027",2.679,980
"16,029",2.473,234
"16,031",2.442,"3,850"
"16,035",3.016,52
"16,037",2.991,69
"16,039",2.795,"1,052"
"16,041",2.696,410
"16,043",2.283,120
"16,045",2.696,611
"16,047",2.219,971
"16,049",2.939,125
"16,051",2.347,325
"16,053",2.284,"3,559"
"16,055",2.541,"7,089"
"16,057",3.496,416
"16,059",2.458,33
"16,061",3.078,3
"16,063",2.331,507
"16,065",2.329,719
"16,067",2.447,"3,088"
"16,069",3.31,"1,369"
"16,071",2.658,78
"16,073",2.634,889
"16,075",2.489,"2,001"
"16,077",2.588,267
"16,079",2.551,71
"16,081",2.407,365
"16,083",2.295,"9,757"
"16,085",2.9,279
"16,087",2.25,"1,599"
"17,001",2.44,"1,867"
"17,003",2.756,297
"17,005",3.121,232
"17,007",3.508,"8,073"
"17,009",2.511,130
"17,011",3.375,431
"17,013",2.688,15
"17,015",3.258,274
"17,017",2.785,"1,778"
"17,019",3.447,"6,649"
"17,021",3.221,624
"17,023",2.785,326
"17,025",2.811,44
"17,027",3.075,"3,171"
"17,029",2.764,"2,388"
"17,031",3.539,0
"17,033",2.515,243
"17,035",2.795,286
"17,037",3.677,"8,172"
"17,039",3.12,182
"17,041",3.22,731
"17,043",3.651,0
"17,045",2.568,191
"17,047",2.444,39
"17,049",2.836,291
"17,051",2.955,307
"17,053",3.2,519
"17,055",2.657,479
"17,057",3.025,204
"17,059",2.522,54
"17,061",2.93,116
"17,063",3.211,"2,372"
"17,065",2.501,81
"17,067",2.537,255
"17,069",2.475,15
"17,071",3.127,104
"17,073",3.191,"1,351"
"17,075",2.728,"2,185"
"17,077",2.991,"4,481"
"17,079",2.679,610
"17,081",2.695,"1,439"
"17,083",3.03,498
"17,085",2.938,646
"17,087",2.835,301
"17,089",3.609,0
"17,091",3.131,0
"17,093",3.699,0
"17,095",3.133,"1,985"
"17,097",3.624,0
"17,099",3.297,"3,141"
"17,101",2.25,117
"17,103",3.442,"1,346"
"17,105",3.049,686
"17,107",3.093,241
"17,109",3.191,"1,351"
"17,111",3.536,0
"17,113",3.091,"3,854"
"17,115",3.292,"3,143"
"17,117",3.269,805
"17,119",3.37,"1,967"
"17,121",2.817,951
"17,123",3.095,146
"17,125",2.245,305
"17,127",2.767,198
"17,129",2.999,361
"17,131",3.215,334
"17,133",3.466,"1,877"
"17,135",3.28,800
"17,137",3.082,"1,713"
"17,139",2.788,268
"17,141",3.211,"3,876"
"17,143",3.289,"7,831"
"17,145",2.942,763
"17,147",3.518,267
"17,149",2.57,64
"17,151",2.782,13
"17,153",2.737,"1,043"
"17,155",3.254,13
"17,157",3.247,"3,879"
"17,159",2.589,86
"17,161",3.246,995
"17,163",3.583,0
"17,165",2.788,159
"17,167",3.295,"6,386"
"17,169",2.666,170
"17,171",2.919,12
"17,173",2.994,254
"17,175",3.37,68
"17,177",3.383,"3,645"
"17,179",3.207,"2,097"
"17,181",2.851,"2,602"
"17,183",3.109,"1,069"
"17,185",2.478,296
"17,187",3.218,"1,899"
"17,189",2.957,303
"17,191",2.678,208
"17,193",2.379,107
"17,195",3.4,"2,636"
"17,197",3.506,0
"17,199",2.799,"1,827"
"17,201",3.415,0
"17,203",3.085,544
"18,001",2.647,651
"18,003",2.878,0
"18,005",2.736,"7,769"
"18,007",2.883,639
"18,009",2.761,555
"18,011",2.945,"6,217"
"18,013",3.335,534
"18,015",2.892,"1,450"
"18,017",2.508,0
"18,019",3.03,"8,911"
"18,021",2.839,806
"18,023",3,"3,762"
"18,025",2.968,428
"18,027",3.147,"1,932"
"18,029",2.751,"3,194"
"18,031",2.645,"3,510"
"18,033",2.957,"2,149"
"18,035",2.848,"5,944"
"18,037",3.227,"3,771"
"18,039",3.153,0
"18,041",2.904,"2,000"
"18,043",2.989,"5,122"
"18,045",2.915,429
"18,047",3.067,"1,737"
"18,049",2.617,935
"18,051",2.677,"1,239"
"18,053",2.879,"5,466"
"18,055",3.126,"2,548"
"18,057",3.235,0
"18,059",2.97,"5,965"
"18,061",2.704,"2,826"
"18,063",3.141,0
"18,065",2.467,"3,698"
"18,067",3.056,"7,660"
"18,069",2.549,"1,091"
"18,071",2.72,"6,202"
"18,073",2.498,"1,647"
"18,075",2.47,962
"18,077",2.35,"1,022"
"18,079",2.649,"2,320"
"18,081",3.098,0
"18,083",2.496,877
"18,085",2.894,"7,284"
"18,087",2.94,"6,222"
"18,089",3.258,0
"18,091",2.893,"7,707"
"18,093",2.872,"3,224"
"18,095",3.055,"8,795"
"18,097",3.173,0
"18,099",2.664,"6,598"
"18,101",3.179,305
"18,103",2.681,"2,481"
"18,105",3.315,"4,103"
"18,107",2.88,"3,867"
"18,109",2.907,"4,470"
"18,111",2.615,"1,300"
"18,113",2.971,"6,429"
"18,115",2.943,246
"18,117",2.897,"1,798"
"18,119",3.058,648
"18,121",2.664,381
"18,123",3.207,"1,938"
"18,125",2.995,143
"18,127",3.057,"10,153"
"18,129",2.852,634
"18,131",2.212,859
"18,133",2.616,"2,281"
"18,135",2.467,"1,362"
"18,137",2.972,"1,607"
"18,139",2.713,"1,089"
"18,141",3.32,0
"18,143",3.038,"2,158"
"18,145",2.642,"8,724"
"18,147",3.106,633
"18,149",2.444,"1,278"
"18,151",3.064,"1,719"
"18,153",2.914,634
"18,155",2.621,399
"18,157",2.971,"9,603"
"18,159",3,425
"18,161",3.075,390
"18,163",3.139,"8,169"
"18,165",2.746,226
"18,167",2.882,"3,163"
"18,169",2.714,"1,516"
"18,171",2.936,202
"18,173",3.22,"3,068"
"18,175",2.91,874
"18,177",2.541,"4,280"
"18,179",2.543,"1,215"
"18,181",2.668,"3,483"
"18,183",2.77,"1,268"
"19,001",2.761,211
"19,003",2.467,104
"19,005",2.825,"1,732"
"19,007",2.819,281
"19,009",2.31,215
"19,011",2.943,917
"19,013",3.068,0
"19,015",3.003,"2,052"
"19,017",2.956,"1,323"
"19,019",2.972,762
"19,021",2.355,0
"19,023",2.868,791
"19,025",2.218,736
"19,027",2.441,"1,359"
"19,029",1.94,328
"19,031",2.969,"1,151"
"19,033",2.156,"2,973"
"19,035",2.329,"1,031"
"19,037",2.662,382
"19,039",2.707,"1,779"
"19,041",2.59,"1,831"
"19,043",2.694,596
"19,045",2.815,"1,578"
"19,047",3.159,"8,819"
"19,049",3.058,0
"19,051",2.846,537
"19,053",2.028,157
"19,055",2.767,689
"19,057",2.877,"1,232"
"19,059",2.46,"3,672"
"19,061",2.82,"8,512"
"19,063",2.472,"1,172"
"19,065",2.954,678
"19,067",2.389,988
"19,069",2.254,"1,281"
"19,071",3.274,112
"19,073",2.486,385
"19,075",3.082,546
"19,077",2.568,925
"19,079",2.663,"2,526"
"19,081",2.062,729
"19,083",2.871,"1,065"
"19,085",3.026,735
"19,087",2.717,"1,158"
"19,089",2.704,454
"19,091",1.828,740
"19,093",2.49,302
"19,095",2.936,746
"19,097",2.894,581
"19,099",2.595,"4,353"
"19,101",2.723,804
"19,103",3.474,0
"19,105",2.863,848
"19,107",2.628,280
"19,109",2.127,493
"19,111",2.459,697
"19,113",3.166,0
"19,115",2.928,"4,723"
"19,117",2.687,420
"19,119",2.604,646
"19,121",3.114,649
"19,123",2.652,"1,526"
"19,125",2.963,977
"19,127",2.968,0
"19,129",3.033,562
"19,131",2.412,538
"19,133",3.184,998
"19,135",2.871,666
"19,137",2.48,149
"19,139",2.739,"8,628"
"19,141",2.425,"1,185"
"19,143",2.402,833
"19,145",3.043,268
"19,147",2.505,582
"19,149",2.571,"4,325"
"19,151",2.283,"1,320"
"19,153",3.03,0
"19,155",2.729,"10,059"
"19,157",2.543,"1,404"
"19,159",2.286,200
"19,161",2.332,849
"19,163",3.086,"6,529"
"19,165",2.922,"1,517"
"19,167",2.57,"6,326"
"19,169",3.218,"10,617"
"19,171",2.978,"6,162"
"19,173",2.535,"1,042"
"19,175",2.947,449
"19,177",2.62,269
"19,179",2.811,"9,236"
"19,181",2.627,"3,909"
"19,183",3.157,"3,194"
"19,185",2.38,134
"19,187",2.24,"3,816"
"19,189",2.184,431
"19,191",2.897,557
"19,193",2.619,0
"19,195",2.318,277
"19,197",1.948,"5,061"
"20,001",2.329,74
"20,003",2.514,94
"20,005",2.492,522
"20,007",2.714,27
"20,009",2.724,777
"20,011",2.62,488
"20,013",2.634,198
"20,015",2.923,"1,069"
"20,017",2.505,66
"20,019",2.497,59
"20,021",2.611,572
"20,023",2.347,26
"20,025",2.47,442
"20,027",3.014,120
"20,029",2.7,312
"20,031",2.569,697
"20,033",2.597,35
"20,035",2.73,"1,013"
"20,037",2.764,"3,743"
"20,039",2.337,6
"20,041",2.683,161
"20,043",2.291,347
"20,045",3.674,"4,562"
"20,047",3.043,96
"20,049",2.734,13
"20,051",2.326,483
"20,053",2.452,121
"20,055",2.504,0
"20,057",2.662,0
"20,059",2.896,"1,115"
"20,061",3.1,"1,300"
"20,063",2.158,25
"20,065",2.037,61
"20,067",2.581,749
"20,069",2.56,375
"20,071",2.472,3
"20,073",2.817,143
"20,075",2.596,449
"20,077",2.717,28
"20,079",2.961,786
"20,081",2.554,400
"20,083",2.724,119
"20,085",3.154,"1,523"
"20,087",3.331,424
"20,089",2.453,52
"20,091",3.457,0
"20,093",2.513,624
"20,095",2.68,24
"20,097",2.938,39
"20,099",2.63,864
"20,101",2.385,65
"20,103",2.921,0
"20,105",2.441,7
"20,107",2.75,216
"20,109",2.206,16
"20,111",2.653,"6,688"
"20,113",2.8,"1,133"
"20,115",2.695,215
"20,117",2.932,37
"20,119",2.506,400
"20,121",3.144,642
"20,123",2.496,95
"20,125",2.549,671
"20,127",2.738,65
"20,129",2.675,91
"20,131",2.936,378
"20,133",2.489,470
"20,135",2.559,52
"20,137",2.292,145
"20,139",3.242,280
"20,141",2.139,35
"20,143",2.602,159
"20,145",3.009,51
"20,147",2.226,295
"20,149",3.255,"1,094"
"20,151",2.86,163
"20,155",2.752,"1,375"
"20,157",2.602,163
"20,159",2.669,76
"20,161",3.221,"4,057"
"20,163",2.065,111
"20,165",2.647,27
"20,167",2.333,13
"20,169",2.538,"2,383"
"20,171",2.352,217
"20,173",3.083,0
"20,175",2.614,0
"20,177",3.352,"9,407"
"20,179",2.114,70
"20,181",2.232,97
"20,183",2.294,39
"20,185",2.987,15
"20,187",2.642,151
"20,189",2.663,432
"20,191",2.939,298
"20,193",2.177,214
"20,195",2.202,20
"20,197",3.284,481
"20,201",2.727,13
"20,205",2.582,47
"20,207",2.514,123
"20,209",3.402,0
"21,001",2.774,"1,847"
"21,003",2.975,"2,363"
"21,005",3.151,389
"21,007",2.816,212
"21,009",3.153,"1,408"
"21,011",3.015,244
"21,013",2.691,726
"21,015",3.025,"8,732"
"21,017",3.584,498
"21,019",2.65,988
"21,021",3.136,561
"21,023",2.661,232
"21,025",2.808,156
"21,027",2.982,359
"21,029",3.086,"2,139"
"21,031",3.013,"3,395"
"21,033",2.87,309
"21,035",2.818,"1,284"
"21,037",2.907,"3,932"
"21,039",2.841,105
"21,041",2.419,819
"21,043",2.85,438
"21,045",2.636,723
"21,047",2.771,"3,811"
"21,049",2.932,"1,369"
"21,051",2.652,993
"21,053",2.606,92
"21,055",2.432,133
"21,057",2.737,105
"21,059",3.133,"6,193"
"21,061",3.262,"1,092"
"21,063",2.841,41
"21,065",2.764,64
"21,067",3.389,0
"21,069",3.088,329
"21,071",2.886,478
"21,073",3.046,"1,993"
"21,075",2.677,330
"21,077",2.941,862
"21,079",3.157,419
"21,081",3.172,822
"21,083",2.627,"3,334"
"21,085",3.28,"1,859"
"21,087",3.023,130
"21,089",2.625,502
"21,091",3.211,300
"21,093",3.157,"2,932"
"21,095",3.091,427
"21,097",3.463,"1,021"
"21,099",3.265,646
"21,101",3.024,"2,450"
"21,103",2.784,522
"21,105",2.773,83
"21,107",3.074,"3,724"
"21,109",2.641,"1,497"
"21,111",3.312,0
"21,113",3.386,"1,661"
"21,115",3.094,135
"21,117",3.083,"11,063"
"21,119",2.747,185
"21,121",2.658,"1,108"
"21,123",3.152,254
"21,125",2.737,"2,015"
"21,127",2.684,135
"21,129",2.742,13
"21,131",2.857,136
"21,133",3.166,223
"21,135",2.817,288
"21,137",2.792,547
"21,139",2.609,177
"21,141",2.946,"3,142"
"21,143",2.692,275
"21,145",2.767,"2,414"
"21,147",2.775,237
"21,149",2.902,357
"21,151",2.905,"2,091"
"21,153",2.952,86
"21,155",3.278,764
"21,157",2.763,855
"21,159",3.107,130
"21,161",3.009,479
"21,163",3.082,429
"21,165",2.739,174
"21,167",3.221,350
"21,169",2.991,181
"21,171",2.746,573
"21,173",3.195,805
"21,175",2.796,154
"21,177",2.952,"7,139"
"21,179",3.166,"1,282"
"21,181",3.382,132
"21,183",2.901,"2,951"
"21,185",3.309,"2,008"
"21,187",3.093,115
"21,189",2.746,39
"21,191",3.166,268
"21,193",2.836,971
"21,195",2.958,"1,433"
"21,197",2.819,116
"21,199",2.755,"1,580"
"21,201",3.157,13
"21,203",2.596,361
"21,205",2.752,334
"21,207",2.606,827
"21,209",3.475,"1,455"
"21,211",2.946,"6,801"
"21,213",2.718,"1,098"
"21,215",3.194,553
"21,217",3.057,701
"21,219",2.791,343
"21,221",3.159,352
"21,223",2.461,132
"21,225",2.289,392
"21,227",3.184,0
"21,229",3.209,366
"21,231",2.646,301
"21,233",2.852,631
"21,235",2.714,567
"21,237",2.724,54
"21,239",3.486,"1,005"
"22,001",2.63,"2,881"
"22,003",2.57,"5,141"
"22,005",3.096,0
"22,007",2.95,"5,178"
"22,009",2.812,"5,592"
"22,011",2.924,"3,802"
"22,013",2.901,"3,231"
"22,015",2.931,"2,889"
"22,017",3.01,0
"22,019",2.813,0
"22,021",2.972,"1,516"
"22,023",2.908,"1,057"
"22,025",3.069,"2,665"
"22,027",2.859,"1,780"
"22,029",2.929,"1,716"
"22,031",3.209,"5,170"
"22,033",3.328,0
"22,035",3.395,"5,853"
"22,037",3.021,"4,331"
"22,039",2.48,"3,539"
"22,041",2.986,"6,773"
"22,043",3.086,"1,429"
"22,045",2.881,"5,355"
"22,047",3.335,"10,210"
"22,049",2.739,"2,936"
"22,051",3.425,0
"22,053",2.295,"6,798"
"22,055",3.076,0
"22,057",3.102,0
"22,059",3.166,"1,451"
"22,061",2.84,"5,005"
"22,063",3.053,0
"22,065",3.27,"5,254"
"22,067",3.115,"3,437"
"22,069",3.034,"4,647"
"22,071",3.442,0
"22,073",2.931,0
"22,075",3.083,"3,800"
"22,077",3.244,"4,244"
"22,079",3.024,0
"22,081",3.026,931
"22,083",3.05,"3,140"
"22,085",2.997,"1,923"
"22,087",3.133,"8,768"
"22,089",3.265,"10,810"
"22,091",2.849,"1,484"
"22,093",3.098,"5,477"
"22,095",2.984,982
"22,097",2.996,"6,345"
"22,099",3.028,"8,691"
"22,101",3.034,"8,553"
"22,103",3.298,0
"22,105",3.121,0
"22,107",3.16,385
"22,109",3.071,0
"22,111",2.83,"5,951"
"22,113",2.927,"5,569"
"22,115",2.9,"2,906"
"22,117",2.912,"10,051"
"22,119",2.941,"6,228"
"22,121",3.367,"4,393"
"22,123",3.361,"2,055"
"22,125",2.983,"3,307"
"22,127",2.846,"3,508"
"23,001",3.086,"6,470"
"23,003",2.804,313
"23,005",3.367,0
"23,007",3.244,529
"23,009",3.27,228
"23,011",3.219,"1,899"
"23,013",3.476,324
"23,015",3.508,328
"23,017",3.188,558
"23,019",3.276,"1,542"
"23,021",2.875,55
"23,023",3.396,443
"23,025",3.121,393
"23,027",3.246,751
"23,029",3.344,53
"23,031",3.297,"7,259"
"24,001",3.663,"2,756"
"24,003",3.574,0
"24,005",3.644,0
"24,009",3.401,"5,637"
"24,011",3.669,"4,268"
"24,013",3.626,0
"24,015",3.624,"6,630"
"24,017",3.387,0
"24,019",3.761,"2,631"
"24,021",3.547,0
"24,023",3.287,233
"24,025",3.699,0
"24,027",3.551,0
"24,029",3.611,"2,653"
"24,031",3.603,0
"24,033",3.324,0
"24,035",3.471,"3,434"
"24,037",3.589,"8,760"
"24,039",3.736,"1,214"
"24,041",3.777,"2,140"
"24,043",3.367,"9,174"
"24,045",3.701,0
"24,047",3.786,"3,998"
"24,510",3.534,0
"25,001",3.742,0
"25,003",3.684,"7,891"
"25,005",3.603,0
"25,007",3.708,698
"25,009",3.649,0
"25,011",3.583,"4,912"
"25,013",3.661,0
"25,015",3.795,"8,862"
"25,017",3.666,0
"25,019",3.707,267
"25,021",3.68,0
"25,023",3.691,0
"25,025",3.665,0
"25,027",3.611,0
"26,001",3.156,298
"26,003",3.337,52
"26,005",3.15,"4,584"
"26,007",3.316,"1,598"
"26,009",3.372,307
"26,011",2.98,494
"26,013",3.284,66
"26,015",3.012,"1,597"
"26,017",3.375,"5,390"
"26,019",3.525,154
"26,021",3.242,"4,887"
"26,023",2.799,0
"26,025",3.047,"7,589"
"26,027",3.064,"2,269"
"26,029",3.346,425
"26,031",3.316,359
"26,033",3.391,213
"26,035",3.21,408
"26,037",3.349,"3,493"
"26,039",3.379,"1,011"
"26,041",3.142,378
"26,043",3.13,187
"26,045",3.154,"4,478"
"26,047",3.341,452
"26,049",3.247,0
"26,051",3.268,354
"26,053",3.117,136
"26,055",3.493,998
"26,057",3.175,"1,375"
"26,059",2.75,"2,638"
"26,061",3.199,293
"26,063",3.125,924
"26,065",3.273,0
"26,067",2.744,"2,727"
"26,069",2.944,"1,552"
"26,071",3.133,84
"26,073",3.03,"1,872"
"26,075",2.888,0
"26,077",3.456,0
"26,079",3.445,522
"26,081",3.396,0
"26,083",3.232,14
"26,085",3.072,149
"26,087",3.2,"8,048"
"26,089",3.483,409
"26,091",3.421,"8,754"
"26,093",3.467,"8,446"
"26,095",3.385,52
"26,097",3.35,117
"26,099",3.41,0
"26,101",3.415,478
"26,103",3.33,"1,060"
"26,105",3.116,889
"26,107",2.907,445
"26,109",3.156,407
"26,111",3.372,"2,301"
"26,113",3.437,438
"26,115",3.344,"8,423"
"26,117",2.933,"1,515"
"26,119",3.177,74
"26,121",3.169,"11,492"
"26,123",2.891,"2,435"
"26,125",3.54,0
"26,127",3.214,"4,751"
"26,129",2.938,544
"26,131",3.131,11
"26,133",3.089,531
"26,135",3.18,284
"26,137",3.186,"1,754"
"26,139",3.174,0
"26,141",3.295,175
"26,143",3.43,389
"26,145",3.292,0
"26,147",3.303,"7,770"
"26,149",2.992,"4,736"
"26,151",2.984,700
"26,153",3.306,81
"26,155",2.967,"3,647"
"26,157",3.088,"3,110"
"26,159",3.239,"3,284"
"26,161",3.586,0
"26,163",3.41,0
"26,165",3.359,663
"27,001",2.506,196
"27,003",3.045,0
"27,005",2.358,770
"27,007",2.52,513
"27,009",2.678,"2,936"
"27,011",2.097,207
"27,013",2.938,"6,704"
"27,015",2.646,495
"27,017",3.097,"1,154"
"27,019",2.854,"5,505"
"27,021",2.75,227
"27,023",2.538,"1,030"
"27,025",2.849,"1,341"
"27,027",2.763,"7,781"
"27,029",2.536,128
"27,031",2.867,13
"27,033",2.266,"1,790"
"27,035",2.665,"1,420"
"27,037",2.994,0
"27,039",3.105,"1,186"
"27,041",2.549,873
"27,043",2.627,765
"27,045",3.102,409
"27,047",2.51,"3,914"
"27,049",3.207,"1,750"
"27,051",2.602,253
"27,053",3.349,0
"27,055",3.013,367
"27,057",2.679,103
"27,059",2.717,994
"27,061",2.415,880
"27,063",2.177,729
"27,065",2.244,202
"27,067",2.589,"7,556"
"27,069",2.531,26
"27,071",2.386,229
"27,073",2.301,57
"27,075",3.062,87
"27,079",2.732,"1,479"
"27,081",2.628,188
"27,083",2.545,"4,255"
"27,085",2.455,"1,233"
"27,087",2.528,129
"27,089",2.556,169
"27,091",2.462,"2,210"
"27,093",2.769,807
"27,095",2.274,468
"27,097",2.58,809
"27,099",2.911,"12,538"
"27,101",2.541,886
"27,103",2.869,"2,363"
"27,105",2.219,0
"27,107",2.642,267
"27,109",3.154,0
"27,111",2.412,"1,333"
"27,113",2.458,678
"27,115",2.473,"1,410"
"27,117",2.557,775
"27,119",2.37,"1,101"
"27,121",2.581,151
"27,123",3.251,0
"27,125",2.325,49
"27,127",2.556,268
"27,129",2.632,456
"27,131",2.991,"11,175"
"27,133",2.493,413
"27,135",2.583,253
"27,137",2.967,"2,638"
"27,139",3.182,"10,265"
"27,141",2.626,"4,356"
"27,143",2.591,722
"27,145",2.698,0
"27,147",2.872,"3,108"
"27,149",2.524,93
"27,151",2.465,341
"27,153",2.53,"5,222"
"27,155",2.369,77
"27,157",3.005,460
"27,159",2.602,207
"27,161",2.994,931
"27,163",3.092,0
"27,165",2.574,"3,152"
"27,167",2.322,274
"27,169",2.989,"1,730"
"27,171",2.758,"6,470"
"27,173",2.514,396
"28,001",2.866,"4,305"
"28,003",2.809,"1,091"
"28,005",2.84,"1,317"
"28,007",3.109,"4,827"
"28,009",3.161,524
"28,011",2.871,"4,788"
"28,013",2.858,"1,913"
"28,015",2.89,"2,241"
"28,017",2.956,"3,731"
"28,019",3.231,969
"28,021",3.271,"3,726"
"28,023",3.29,"2,789"
"28,025",3.228,"3,301"
"28,027",3.118,"2,758"
"28,029",3.031,"8,191"
"28,031",2.878,"5,129"
"28,033",3.134,0
"28,035",3.133,"9,034"
"28,037",2.87,633
"28,039",3.028,"1,310"
"28,041",3.202,"1,408"
"28,043",2.912,"6,869"
"28,045",3.042,"1,782"
"28,047",2.894,"5,336"
"28,049",3.227,0
"28,051",3.247,"7,410"
"28,053",3.019,"2,022"
"28,055",3.268,126
"28,057",2.813,"1,825"
"28,059",2.94,"9,067"
"28,061",3.011,"3,499"
"28,063",3.027,"1,506"
"28,065",2.657,"1,510"
"28,067",3.082,0
"28,069",3.464,"2,346"
"28,071",3.221,"5,686"
"28,073",3.083,"6,578"
"28,075",3.391,"12,152"
"28,077",2.706,"2,494"
"28,079",3.324,"7,842"
"28,081",2.912,"7,529"
"28,083",2.866,"6,648"
"28,085",2.891,"6,405"
"28,087",3.287,"6,675"
"28,089",3.145,0
"28,091",2.699,"3,995"
"28,093",3.369,"3,361"
"28,095",3.011,"5,546"
"28,097",2.875,"1,954"
"28,099",3.579,"4,916"
"28,101",3.482,"4,617"
"28,103",3.435,"3,505"
"28,105",3.322,"7,422"
"28,107",2.787,"5,086"
"28,109",3.001,"3,565"
"28,111",3.107,994
"28,113",2.893,"6,024"
"28,115",2.996,"4,134"
"28,117",2.702,"1,479"
"28,119",3.021,"1,133"
"28,121",3.138,"6,530"
"28,123",3.235,"10,309"
"28,125",3.108,533
"28,127",2.848,"4,716"
"28,129",2.644,"3,032"
"28,131",2.9,900
"28,133",2.838,"5,602"
"28,135",2.988,"2,084"
"28,137",2.893,"4,225"
"28,139",2.878,"1,803"
"28,141",2.644,"1,180"
"28,143",3.014,"1,457"
"28,145",2.918,"2,951"
"28,147",2.629,"2,945"
"28,149",3.264,"7,109"
"28,151",2.754,"8,376"
"28,153",3.234,"7,169"
"28,155",2.977,"1,686"
"28,157",2.682,"1,245"
"28,159",3.453,"3,632"
"28,161",3.093,"2,436"
"28,163",3.237,"6,898"
"29,001",2.811,"1,321"
"29,003",2.315,726
"29,005",2.727,71
"29,007",2.635,"1,829"
"29,009",2.649,"1,094"
"29,011",2.628,398
"29,013",2.779,165
"29,015",2.269,266
"29,017",2.62,236
"29,019",3.033,"7,856"
"29,021",2.398,"11,898"
"29,023",2.268,"1,468"
"29,025",2.563,175
"29,027",2.518,776
"29,029",2.243,993
"29,031",2.794,"3,497"
"29,033",2.548,301
"29,035",2.086,85
"29,037",3.117,"2,731"
"29,039",2.231,149
"29,041",2.663,79
"29,043",2.782,978
"29,045",2.417,26
"29,047",3.406,"6,831"
"29,049",3.01,398
"29,051",2.696,"1,443"
"29,053",3.053,309
"29,055",2.461,243
"29,057",2.204,19
"29,059",2.423,210
"29,061",2.415,131
"29,063",2.466,195
"29,065",2.279,69
"29,067",2.102,114
"29,069",2.95,"1,545"
"29,071",2.817,"3,209"
"29,073",2.564,174
"29,075",2.431,817
"29,077",2.826,"5,821"
"29,079",2.136,267
"29,081",2.246,294
"29,083",2.464,284
"29,085",2.254,7
"29,087",2.271,13
"29,089",3.007,65
"29,091",1.847,605
"29,093",2.767,39
"29,095",3.308,0
"29,097",2.526,"8,719"
"29,099",2.909,"8,345"
"29,101",2.77,"2,767"
"29,103",2.701,26
"29,105",1.934,844
"29,107",3.227,"1,265"
"29,109",2.166,654
"29,111",2.433,103
"29,113",2.633,"1,399"
"29,115",2.518,247
"29,117",2.24,273
"29,119",2.641,"10,587"
"29,121",2.569,204
"29,123",2.82,89
"29,125",2.69,81
"29,127",2.4,362
"29,129",2.092,82
"29,131",2.401,281
"29,133",2.694,"1,238"
"29,135",2.366,896
"29,137",2.462,66
"29,139",2.888,278
"29,141",2.263,298
"29,143",2.794,619
"29,145",2.526,"6,658"
"29,147",2.45,315
"29,149",2.133,109
"29,151",2.831,141
"29,153",2.514,26
"29,155",2.724,"1,503"
"29,157",2.952,"2,099"
"29,159",2.361,"1,888"
"29,161",2.427,645
"29,163",2.299,500
"29,165",3.335,"1,903"
"29,167",2.546,232
"29,169",2.364,"1,744"
"29,171",2.63,41
"29,173",2.35,130
"29,175",2.6,191
"29,177",2.686,377
"29,179",2.504,60
"29,181",2.258,254
"29,183",3.218,0
"29,185",2.266,43
"29,186",2.881,288
"29,187",2.794,"2,177"
"29,189",3.5,0
"29,195",2.568,"3,865"
"29,197",2.853,65
"29,199",2.712,143
"29,201",2.652,"2,491"
"29,203",1.912,281
"29,205",2.446,55
"29,207",2.604,"1,919"
"29,209",2.912,275
"29,211",2.508,"1,514"
"29,213",2.968,"1,369"
"29,215",1.683,119
"29,217",2.684,367
"29,219",2.839,879
"29,221",2.573,332
"29,223",2.271,63
"29,225",2.077,601
"29,227",2.386,52
"29,229",1.433,395
"29,510",3.492,0
"30,001",2.571,35
"30,003",2.324,"1,295"
"30,007",2.649,80
"30,009",2.343,388
"30,013",2.426,522
"30,017",2.309,430
"30,021",2.067,104
"30,023",2.656,60
"30,025",2.339,3
"30,027",2.03,26
"30,029",2.653,864
"30,031",2.754,"4,539"
"30,033",2.238,2
"30,035",2.666,330
"30,037",2.339,39
"30,039",2.625,63
"30,041",2.092,96
"30,043",2.718,72
"30,047",2.5,453
"30,049",2.738,510
"30,051",2.329,13
"30,053",2.582,184
"30,057",2.553,287
"30,059",2.526,40
"30,063",2.571,"1,553"
"30,065",2.359,13
"30,067",2.821,197
"30,073",2.501,27
"30,081",2.562,486
"30,083",2.069,311
"30,085",1.969,104
"30,087",2.32,144
"30,089",2.234,3
"30,091",2.067,13
"30,093",2.697,277
"30,095",2.402,96
"30,099",2.49,141
"30,101",2.462,403
"30,103",2.365,26
"30,105",1.942,52
"30,107",2.262,21
"30,109",2.09,1
"30,111",2.357,"4,674"
"31,001",2.919,"3,970"
"31,003",2.377,144
"31,007",2.132,25
"31,011",2.633,91
"31,013",1.971,45
"31,015",2.481,13
"31,019",2.866,"2,616"
"31,021",3.046,184
"31,023",2.805,669
"31,025",3.207,"1,014"
"31,027",2.188,233
"31,029",2.656,13
"31,031",2.675,30
"31,033",2.393,257
"31,035",2.82,369
"31,037",2.77,"8,756"
"31,039",2.619,484
"31,041",2.568,521
"31,043",2.618,0
"31,045",2.254,57
"31,047",2.7,"11,276"
"31,049",2.644,1
"31,051",2.44,675
"31,053",2.686,"9,120"
"31,055",2.976,0
"31,059",2.599,215
"31,061",2.71,100
"31,063",2.653,17
"31,065",2.61,130
"31,067",2.936,775
"31,069",2.318,52
"31,071",2.556,21
"31,073",2.723,169
"31,077",2.754,57
"31,079",2.976,0
"31,081",2.902,907
"31,083",2.66,13
"31,087",2.535,13
"31,089",2.524,46
"31,091",2.528,22
"31,093",2.895,602
"31,095",2.614,134
"31,097",2.53,93
"31,099",2.865,221
"31,101",2.687,56
"31,105",2.179,146
"31,107",2.235,303
"31,109",2.957,0
"31,111",2.616,806
"31,117",2.592,15
"31,119",2.206,"4,976"
"31,121",2.917,507
"31,123",2.078,647
"31,125",2.83,61
"31,127",2.633,70
"31,129",2.579,23
"31,131",2.814,340
"31,133",2.603,4
"31,137",2.792,348
"31,139",2.15,127
"31,141",2.936,"8,840"
"31,143",2.655,167
"31,145",2.577,100
"31,147",2.465,83
"31,149",2.56,25
"31,151",3.121,"7,055"
"31,153",2.869,0
"31,155",2.519,"1,100"
"31,157",2.113,"3,012"
"31,159",3.209,574
"31,161",2.238,101
"31,163",2.8,65
"31,165",2.059,78
"31,167",2.162,273
"31,169",2.486,68
"31,171",2.494,13
"31,173",2.624,"2,009"
"31,175",2.68,104
"31,177",2.743,702
"31,179",2.213,387
"31,181",2.717,95
"31,185",2.292,626
"32,001",3.364,283
"32,003",3.543,0
"32,005",3.303,"1,032"
"32,007",3.034,"2,495"
"32,011",3.1,13
"32,013",3.461,"1,135"
"32,015",3.267,512
"32,017",3.284,26
"32,019",3.372,"1,754"
"32,021",3.563,70
"32,023",3.355,"2,109"
"32,027",3.387,125
"32,029",3.622,26
"32,031",3.494,0
"32,033",2.879,83
"32,510",3.334,"2,501"
"33,001",3.106,"1,122"
"33,003",3.157,833
"33,005",3.303,964
"33,007",3.481,117
"33,009",3.507,"1,162"
"33,011",3.373,0
"33,013",3.151,"5,486"
"33,015",3.397,0
"33,017",3.072,"3,865"
"33,019",3.179,456
"34,001",3.565,0
"34,003",3.621,0
"34,005",3.624,0
"34,007",3.678,0
"34,009",3.657,"9,454"
"34,011",3.596,0
"34,013",3.461,0
"34,015",3.533,0
"34,017",3.486,0
"34,019",3.639,0
"34,021",3.628,0
"34,023",3.622,0
"34,025",3.652,0
"34,027",3.569,0
"34,029",3.566,0
"34,031",3.579,0
"34,033",3.481,"10,541"
"34,035",3.643,0
"34,037",3.579,0
"34,039",3.599,0
"34,041",3.56,0
"35,001",3.565,0
"35,003",3.486,30
"35,005",3.224,"1,838"
"35,006",3.698,"3,153"
"35,007",3.491,120
"35,009",3.138,"2,847"
"35,013",3.655,0
"35,015",2.567,"1,527"
"35,017",3.234,362
"35,019",3.551,260
"35,021",3.077,13
"35,023",3.144,837
"35,025",2.919,"2,903"
"35,027",3.532,227
"35,028",3.548,133
"35,029",3.284,"1,434"
"35,031",3.566,0
"35,033",3.679,11
"35,035",3.17,"12,108"
"35,037",3.053,135
"35,039",3.444,"1,595"
"35,041",3.178,962
"35,043",3.585,"10,327"
"35,045",3.236,0
"35,047",3.691,310
"35,049",3.719,"3,871"
"35,051",3.458,184
"35,053",3.671,804
"35,055",3.63,657
"35,057",3.36,"1,159"
"35,059",2.67,110
"35,061",3.472,"2,201"
"36,001",3.694,0
"36,003",3.527,835
"36,007",3.576,"10,104"
"36,009",3.701,"1,706"
"36,011",3.591,"1,598"
"36,013",3.53,"1,935"
"36,015",3.374,"1,910"
"36,017",3.483,"2,068"
"36,019",3.572,"1,370"
"36,021",3.766,"6,244"
"36,023",3.658,700
"36,025",3.433,"1,186"
"36,027",3.784,0
"36,029",3.641,0
"36,031",3.429,740
"36,033",3.484,442
"36,035",3.405,"3,417"
"36,037",3.732,"3,172"
"36,039",3.664,"3,429"
"36,041",3.429,78
"36,043",3.616,"2,356"
"36,045",3.602,"1,233"
"36,049",3.466,402
"36,051",3.725,"1,801"
"36,053",3.75,"4,782"
"36,055",3.651,0
"36,057",3.379,"1,627"
"36,059",3.646,0
"36,063",3.634,0
"36,065",3.646,0
"36,067",3.629,0
"36,069",3.791,"3,740"
"36,071",3.616,0
"36,073",3.562,"3,705"
"36,075",3.612,"2,760"
"36,077",3.523,"1,128"
"36,079",3.785,0
"36,083",3.588,"7,587"
"36,087",3.599,0
"36,089",3.47,"2,946"
"36,091",3.608,"7,571"
"36,093",3.653,"11,001"
"36,095",3.724,782
"36,097",3.548,177
"36,099",3.798,936
"36,101",3.444,"3,534"
"36,103",3.571,0
"36,105",3.639,0
"36,107",3.745,"1,978"
"36,109",3.728,"2,353"
"36,111",3.685,0
"36,113",3.508,"3,543"
"36,115",3.403,"3,219"
"36,117",3.69,"2,522"
"36,119",3.643,0
"36,121",3.805,"1,282"
"36,123",3.849,621
"37,001",3.194,0
"37,003",3.345,"1,797"
"37,005",2.847,503
"37,007",3.275,"2,228"
"37,009",2.873,778
"37,011",2.989,267
"37,013",3.311,"1,591"
"37,015",3.138,"1,980"
"37,017",3.383,"5,406"
"37,019",3.526,"9,294"
"37,021",3.573,"9,826"
"37,023",3.031,0
"37,025",3.32,0
"37,027",3.452,"7,192"
"37,029",3.131,436
"37,031",3.232,"1,486"
"37,033",3.078,"1,923"
"37,035",3.176,"4,542"
"37,037",3.632,"5,906"
"37,039",2.98,727
"37,041",3.191,408
"37,043",2.972,158
"37,045",3.054,"5,641"
"37,047",2.778,"7,597"
"37,049",3.017,"5,435"
"37,051",3.368,0
"37,053",2.88,292
"37,055",3.475,"1,156"
"37,057",3.041,0
"37,059",3.285,"3,016"
"37,061",3.188,0
"37,063",3.72,0
"37,065",3.511,"4,653"
"37,067",3.531,0
"37,069",3.513,"5,565"
"37,071",3.306,0
"37,073",3.312,366
"37,075",2.98,130
"37,077",3.462,"11,407"
"37,079",3.039,"2,575"
"37,081",3.238,0
"37,083",3.587,"4,670"
"37,085",3.42,"9,530"
"37,087",3.327,"1,447"
"37,089",3.575,"10,374"
"37,091",3.562,"2,262"
"37,093",3.403,"5,553"
"37,095",2.959,304
"37,097",3.096,"7,253"
"37,099",3.191,"2,092"
"37,101",3.429,0
"37,103",2.946,496
"37,105",3.153,"11,612"
"37,107",2.989,"5,218"
"37,109",3.212,"4,538"
"37,111",3.005,"3,771"
"37,113",2.919,"3,979"
"37,115",3.496,204
"37,117",3.101,"2,004"
"37,119",3.461,0
"37,121",3.065,647
"37,123",3.384,"4,747"
"37,125",3.21,"7,420"
"37,127",3.436,"7,404"
"37,129",3.514,982
"37,131",3.588,"2,486"
"37,133",3.155,"4,840"
"37,135",3.706,"10,273"
"37,137",3.076,375
"37,139",3.207,"2,997"
"37,141",3.238,"4,259"
"37,143",3.211,489
"37,145",3.63,"1,592"
"37,147",3.295,"11,169"
"37,149",3.11,"1,146"
"37,151",3.154,0
"37,153",3.236,"4,376"
"37,155",3.262,0
"37,157",2.859,"3,575"
"37,159",3.02,0
"37,161",2.962,"4,763"
"37,163",3.596,0
"37,165",2.814,"2,036"
"37,167",3.224,"6,562"
"37,169",3.359,"1,962"
"37,171",3.219,"7,005"
"37,173",3.086,846
"37,175",3.543,494
"37,177",3.233,378
"37,179",3.278,0
"37,181",3.306,"7,075"
"37,183",3.572,0
"37,185",3.452,"2,300"
"37,187",2.974,567
"37,189",3.215,"1,360"
"37,191",3.57,0
"37,193",3.067,"7,838"
"37,195",3.333,"10,929"
"37,197",3.268,"4,686"
"37,199",3.477,672
"38,003",2.797,291
"38,005",1.831,118
"38,007",2.079,13
"38,009",2.276,68
"38,011",2.271,13
"38,013",2.235,81
"38,015",2.134,"4,851"
"38,017",2.788,0
"38,019",2.048,117
"38,021",2.43,60
"38,023",2.167,13
"38,025",2.151,236
"38,027",2.004,65
"38,029",2.203,53
"38,031",2.269,35
"38,033",2.084,1
"38,035",2.545,"5,448"
"38,037",2.068,41
"38,039",2.579,26
"38,041",1.975,13
"38,043",2.161,29
"38,045",2.637,171
"38,047",2.337,4
"38,049",2.269,82
"38,051",2.389,53
"38,053",2.153,397
"38,055",2.202,144
"38,057",2.165,100
"38,059",2.126,"1,500"
"38,061",2.226,745
"38,063",2.319,20
"38,065",2.145,26
"38,067",2.376,157
"38,069",2.098,81
"38,071",1.831,206
"38,073",2.684,253
"38,075",2.294,71
"38,077",2.364,575
"38,079",2.041,146
"38,081",2.442,89
"38,083",2.163,20
"38,085",2.173,391
"38,087",2.061,39
"38,089",2.059,"1,118"
"38,091",2.343,40
"38,093",2.563,849
"38,095",1.8,17
"38,097",2.436,308
"38,099",2.44,493
"38,101",2.285,878
"38,103",2.058,121
"38,105",2.146,727
"39,001",2.836,317
"39,003",2.734,"4,381"
"39,005",2.893,818
"39,007",2.945,"5,700"
"39,009",2.803,"1,287"
"39,011",2.561,"1,398"
"39,013",2.928,"7,234"
"39,015",2.431,760
"39,017",3.14,0
"39,019",2.375,807
"39,021",2.69,601
"39,023",3.032,"10,193"
"39,025",3.129,"5,713"
"39,027",2.475,970
"39,029",2.982,0
"39,031",2.348,"1,585"
"39,033",2.839,"1,780"
"39,035",3.295,0
"39,037",2.308,"3,275"
"39,039",2.929,677
"39,041",3.34,"8,256"
"39,043",3.261,"3,374"
"39,045",2.899,"7,982"
"39,047",2.393,656
"39,049",3.296,0
"39,051",2.838,830
"39,053",2.874,240
"39,055",3.363,"5,383"
"39,057",3.14,"3,842"
"39,059",2.655,972
"39,061",3.128,0
"39,063",2.769,"1,071"
"39,065",2.542,"1,587"
"39,067",2.606,161
"39,069",2.94,416
"39,071",2.638,627
"39,073",2.389,"1,032"
"39,075",2.996,"3,156"
"39,077",2.464,"2,956"
"39,079",2.314,328
"39,081",2.753,"1,291"
"39,083",2.844,669
"39,085",3.161,"7,038"
"39,087",2.753,"1,002"
"39,089",2.991,"6,776"
"39,091",2.233,847
"39,093",2.948,"2,942"
"39,095",3.109,0
"39,097",2.995,"2,678"
"39,099",3.09,0
"39,101",2.735,0
"39,103",3.02,"7,121"
"39,105",2.76,158
"39,107",2.469,"3,768"
"39,109",2.875,"6,267"
"39,111",2.839,"1,152"
"39,113",3.289,0
"39,115",2.525,145
"39,117",3.022,"1,552"
"39,119",2.597,"1,175"
"39,121",2.539,159
"39,123",3.296,"2,143"
"39,125",2.643,355
"39,127",2.383,504
"39,129",3.043,0
"39,131",2.482,328
"39,133",3.189,"6,044"
"39,135",2.762,"1,049"
"39,137",2.665,"1,722"
"39,139",2.845,"4,608"
"39,141",2.597,"1,724"
"39,143",2.795,"1,904"
"39,145",2.596,706
"39,147",2.289,480
"39,149",2.2,913
"39,151",3.008,0
"39,153",3.187,0
"39,155",3.131,"6,581"
"39,157",2.437,"7,510"
"39,159",2.803,"1,208"
"39,161",2.614,526
"39,163",2.562,291
"39,165",3.288,"8,709"
"39,167",2.775,"1,804"
"39,169",2.969,"4,764"
"39,171",2.855,939
"39,173",3.277,"5,879"
"39,175",2.586,791
"40,001",2.647,"1,687"
"40,003",2.27,13
"40,005",2.638,391
"40,007",2.529,412
"40,009",2.358,185
"40,011",2.833,243
"40,013",2.876,"1,948"
"40,015",2.992,"2,602"
"40,017",3.094,"5,347"
"40,019",2.488,"1,936"
"40,021",2.573,"1,338"
"40,023",2.92,"1,569"
"40,025",2.607,13
"40,027",3.105,935
"40,029",2.827,126
"40,031",2.763,"6,061"
"40,033",3.032,115
"40,035",2.089,312
"40,037",2.66,"2,473"
"40,039",2.198,907
"40,041",2.176,"2,687"
"40,043",2.39,52
"40,045",2.335,20
"40,047",2.229,"1,201"
"40,049",2.88,"1,334"
"40,051",2.903,"2,679"
"40,053",2.219,28
"40,055",2.621,871
"40,057",2.547,32
"40,059",2.308,14
"40,061",2.482,183
"40,063",3.024,173
"40,065",2.94,683
"40,067",2.874,170
"40,069",2.679,190
"40,071",2.741,"1,515"
"40,073",3.245,492
"40,075",2.829,180
"40,077",2.315,216
"40,079",2.468,604
"40,081",2.525,502
"40,083",3.261,967
"40,085",2.611,513
"40,087",3.006,"2,830"
"40,089",2.628,"7,475"
"40,091",2.742,979
"40,093",2.395,138
"40,095",2.77,522
"40,097",2.218,"1,380"
"40,099",2.662,296
"40,101",2.758,"2,151"
"40,103",3.016,614
"40,105",2.536,482
"40,107",2.772,220
"40,109",3.005,0
"40,111",2.848,"1,515"
"40,113",2.705,"2,543"
"40,115",2.389,"1,538"
"40,117",2.502,824
"40,119",3.003,"5,857"
"40,121",2.53,888
"40,123",3.346,770
"40,125",2.884,"1,767"
"40,127",2.731,264
"40,129",2.345,3
"40,131",2.768,"3,538"
"40,133",2.903,704
"40,135",2.612,716
"40,137",2.866,961
"40,139",2.719,"6,951"
"40,141",2.957,328
"40,143",3,0
"40,145",2.88,"4,371"
"40,147",2.463,"5,585"
"40,149",2.486,85
"40,151",2.379,104
"40,153",2.179,185
"41,001",2.682,100
"41,003",3.673,"1,312"
"41,005",3.554,"9,678"
"41,007",3.536,694
"41,009",3.269,573
"41,011",2.938,623
"41,013",3.399,198
"41,015",3.364,110
"41,017",3.503,"3,019"
"41,019",3.045,714
"41,021",3.525,13
"41,023",3.37,13
"41,025",3.19,20
"41,027",3.251,"1,272"
"41,029",3.301,"2,090"
"41,031",3.464,"1,902"
"41,033",3.384,712
"41,035",3.168,"1,712"
"41,037",3.244,290
"41,039",3.477,"3,303"
"41,041",3.739,"4,573"
"41,043",3.35,"2,164"
"41,045",2.47,"3,432"
"41,047",3.547,0
"41,049",3.521,"1,545"
"41,051",3.61,0
"41,053",3.484,"2,161"
"41,055",3.559,42
"41,057",3.037,196
"41,059",3.477,"8,212"
"41,061",3.239,"4,707"
"41,063",3.066,155
"41,065",3.487,"1,303"
"41,067",3.658,0
"41,071",3.524,"2,150"
"42,001",3.338,"4,779"
"42,003",3.631,0
"42,005",3.183,"1,056"
"42,007",3.534,"10,128"
"42,009",3.206,"1,176"
"42,011",3.53,0
"42,013",3.025,"1,194"
"42,015",3.489,756
"42,017",3.695,0
"42,019",3.356,"4,954"
"42,021",3.172,"1,455"
"42,023",3.132,50
"42,025",3.583,"3,790"
"42,027",3.636,"3,032"
"42,029",3.717,0
"42,031",3.219,671
"42,033",3.073,"1,063"
"42,035",3.532,"1,138"
"42,037",3.519,"5,379"
"42,039",3.318,930
"42,041",3.222,"11,862"
"42,043",3.136,0
"42,045",3.723,0
"42,047",3.414,319
"42,049",3.611,"8,875"
"42,051",3.147,"2,136"
"42,053",3.4,91
"42,055",3.376,"9,706"
"42,057",3.177,240
"42,059",2.756,713
"42,061",2.998,"3,321"
"42,063",3.447,"1,661"
"42,065",3.045,425
"42,067",3.136,"1,485"
"42,069",3.774,0
"42,071",3.533,0
"42,073",3.171,"1,891"
"42,075",3.566,0
"42,077",3.723,0
"42,079",3.638,0
"42,081",3.254,"2,925"
"42,083",3.746,258
"42,085",3.357,"2,084"
"42,087",3.088,885
"42,089",3.622,0
"42,091",3.631,0
"42,093",3.465,997
"42,095",3.722,0
"42,097",3.356,"4,342"
"42,099",3.41,"1,158"
"42,101",3.65,0
"42,103",3.688,"6,542"
"42,105",3.481,224
"42,107",3.461,"9,924"
"42,109",3.21,911
"42,111",3.073,910
"42,113",3.574,122
"42,115",3.588,"2,465"
"42,117",3.075,356
"42,119",3.175,"1,262"
"42,121",3.557,409
"42,123",3.455,104
"42,125",3.497,"4,662"
"42,127",3.721,"1,833"
"42,129",3.416,"9,455"
"42,131",3.666,542
"42,133",3.5,0
"44,001",3.78,"3,325"
"44,003",3.7,0
"44,005",3.745,"4,280"
"44,007",3.607,0
"44,009",3.696,"6,988"
"45,001",2.57,"1,787"
"45,003",2.917,"7,513"
"45,005",2.431,923
"45,007",2.993,"8,310"
"45,009",2.902,"2,092"
"45,011",2.768,"1,432"
"45,013",3.51,0
"45,015",3.189,0
"45,017",3.192,"1,640"
"45,019",3.369,0
"45,021",2.974,"2,792"
"45,023",2.865,"3,236"
"45,025",2.866,"5,439"
"45,027",2.818,"5,986"
"45,029",3.129,"5,402"
"45,031",2.812,"6,746"
"45,033",2.662,"4,645"
"45,035",3.101,"1,772"
"45,037",3.021,"1,407"
"45,039",3.318,"4,346"
"45,041",2.929,0
"45,043",3.445,"8,943"
"45,045",3.055,0
"45,047",2.844,"8,594"
"45,049",2.818,"1,203"
"45,051",3.148,0
"45,053",3.006,"2,810"
"45,055",3.278,"10,455"
"45,057",3.212,"7,679"
"45,059",2.792,"8,502"
"45,061",2.863,"4,229"
"45,063",3.242,0
"45,065",2.953,419
"45,067",2.285,"3,713"
"45,069",2.84,"4,212"
"45,071",2.974,"4,551"
"45,073",2.818,"4,847"
"45,075",2.901,"6,338"
"45,077",3.031,"3,738"
"45,079",3.399,0
"45,081",3.063,"3,288"
"45,083",3.008,0
"45,085",2.84,0
"45,087",2.931,"1,662"
"45,089",3.295,"5,976"
"45,091",3.218,0
"46,003",2.203,442
"46,005",2.285,"7,097"
"46,007",2.691,52
"46,009",2.36,161
"46,011",2.717,"1,095"
"46,013",2.232,"4,567"
"46,015",2.523,402
"46,017",2.616,"1,042"
"46,019",2.755,16
"46,021",2.354,12
"46,023",2.385,"1,211"
"46,025",2.246,195
"46,027",2.631,"1,173"
"46,029",2.215,"1,118"
"46,031",2.301,249
"46,033",2.671,132
"46,035",2.069,646
"46,037",2.088,239
"46,039",2.404,54
"46,041",3.038,261
"46,043",2.24,117
"46,045",2.371,103
"46,047",2.603,163
"46,049",2.453,304
"46,051",1.993,193
"46,053",2.518,59
"46,055",2.836,9
"46,057",2.446,168
"46,059",2.544,91
"46,061",2.249,149
"46,065",3.09,865
"46,067",2.409,196
"46,069",2.759,39
"46,071",2.771,81
"46,073",2.299,507
"46,075",2.959,7
"46,077",2.48,84
"46,079",2.525,333
"46,081",2.724,252
"46,083",2.683,"4,900"
"46,085",2.821,986
"46,087",2.556,186
"46,089",2.365,66
"46,091",2.247,65
"46,093",2.742,676
"46,095",2.85,91
"46,097",2.345,127
"46,099",2.628,0
"46,101",2.564,299
"46,102",2.616,"1,328"
"46,103",2.718,"7,764"
"46,105",2.62,4
"46,109",2.089,688
"46,111",2.108,156
"46,115",2.326,161
"46,117",3.151,178
"46,119",3.083,13
"46,121",2.757,788
"46,123",2.647,238
"46,125",2.659,353
"46,127",2.701,"1,832"
"46,129",2.475,200
"46,135",2.355,"1,072"
"46,137",2.838,24
"47,001",2.894,"2,142"
"47,003",2.325,"7,642"
"47,005",2.375,183
"47,007",2.797,"8,118"
"47,009",3.08,"3,596"
"47,011",2.688,"8,784"
"47,013",3.026,766
"47,015",2.239,566
"47,017",2.464,647
"47,019",2.926,"1,038"
"47,021",3.137,"3,259"
"47,023",2.758,652
"47,025",2.592,743
"47,027",2.635,246
"47,029",2.519,"1,494"
"47,031",2.514,"1,707"
"47,033",2.73,602
"47,035",2.717,"2,564"
"47,037",3.46,0
"47,039",2.283,341
"47,041",2.322,985
"47,043",3.062,"3,076"
"47,045",2.346,"3,505"
"47,047",3.522,"4,449"
"47,049",2.67,320
"47,051",2.599,"1,306"
"47,053",2.532,"1,999"
"47,055",2.927,"1,068"
"47,057",2.615,634
"47,059",2.646,"1,621"
"47,061",2.423,821
"47,063",2.602,"5,218"
"47,065",2.705,0
"47,067",2.421,107
"47,069",3.005,"4,904"
"47,071",2.561,"1,547"
"47,073",2.626,951
"47,075",3.089,"1,407"
"47,077",2.573,771
"47,079",2.627,624
"47,081",3.196,"1,209"
"47,083",2.852,229
"47,085",2.648,470
"47,087",2.473,480
"47,089",2.642,"2,020"
"47,091",2.792,577
"47,093",3.263,0
"47,095",2.506,"9,026"
"47,097",2.934,"2,138"
"47,099",2.817,"2,552"
"47,101",2.728,110
"47,103",2.509,995
"47,105",3.223,"3,951"
"47,107",2.827,"3,338"
"47,109",2.757,"1,152"
"47,111",2.644,"6,884"
"47,113",2.84,"4,277"
"47,115",2.657,"1,092"
"47,117",2.295,"1,326"
"47,119",2.782,"5,254"
"47,121",2.844,455
"47,123",2.743,"1,893"
"47,125",2.845,"8,478"
"47,127",2.422,213
"47,129",2.873,375
"47,131",2.537,"1,527"
"47,133",2.543,877
"47,135",2.403,470
"47,137",2.629,86
"47,139",2.897,645
"47,141",2.351,"7,172"
"47,143",2.774,"3,948"
"47,145",2.794,932
"47,147",2.724,"11,457"
"47,149",3,0
"47,151",2.557,284
"47,153",2.664,558
"47,155",3.145,"11,079"
"47,157",3.399,0
"47,159",2.862,"1,801"
"47,161",3.071,326
"47,163",2.87,"2,186"
"47,165",2.897,0
"47,167",3.017,"8,703"
"47,169",2.752,0
"47,171",3.163,736
"47,173",2.706,272
"47,175",2.45,106
"47,177",2.529,"1,348"
"47,179",2.98,"2,682"
"47,181",2.584,"1,286"
"47,183",2.512,891
"47,185",2.206,"1,020"
"47,187",3.307,0
"47,189",3.081,"5,563"
"48,001",2.722,0
"48,003",3.172,"1,633"
"48,005",2.966,"8,449"
"48,007",3.551,578
"48,009",3.228,124
"48,011",3,39
"48,013",3.75,"2,354"
"48,015",3.572,"1,422"
"48,017",3.269,"1,397"
"48,019",3.424,427
"48,021",3.587,"7,858"
"48,023",3.135,13
"48,025",3.689,"1,355"
"48,027",3.494,0
"48,029",3.688,0
"48,031",3.623,528
"48,035",2.962,369
"48,037",2.917,"6,185"
"48,039",3.466,0
"48,041",3.361,0
"48,043",3.594,"1,908"
"48,045",2.936,97
"48,047",3.318,293
"48,049",3.062,"1,867"
"48,051",3.277,"1,520"
"48,053",3.459,"2,534"
"48,055",3.686,"7,044"
"48,057",3.411,"1,598"
"48,059",3.181,301
"48,061",3.549,0
"48,063",3.079,"1,679"
"48,065",2.916,109
"48,067",2.876,710
"48,069",3.237,"1,405"
"48,071",3.253,"6,213"
"48,073",2.835,"3,582"
"48,075",2.456,91
"48,077",3.292,160
"48,079",3.281,47
"48,081",3.253,69
"48,083",3.217,51
"48,085",3.553,0
"48,087",2.11,78
"48,089",3.464,"1,703"
"48,091",3.568,"5,453"
"48,093",3.277,310
"48,095",3.438,155
"48,097",3.135,957
"48,099",3.381,"4,717"
"48,101",2.702,52
"48,103",3.125,799
"48,105",3.314,290
"48,107",3.32,395
"48,109",3.228,60
"48,111",2.771,"1,355"
"48,113",3.588,0
"48,115",3.552,959
"48,117",3.081,"4,921"
"48,119",3.145,95
"48,121",3.565,0
"48,123",3.692,"1,601"
"48,125",3.183,26
"48,127",3.412,301
"48,129",2.745,376
"48,131",3.19,886
"48,133",3.11,192
"48,135",3.163,0
"48,137",3.404,52
"48,139",3.563,"1,879"
"48,141",3.806,0
"48,143",3.288,"2,311"
"48,145",3.572,565
"48,147",2.666,"1,606"
"48,149",3.166,"1,658"
"48,151",2.913,147
"48,153",3.313,579
"48,155",2.91,5
"48,157",3.585,0
"48,159",3.194,692
"48,161",3.23,696
"48,163",3.247,"3,563"
"48,165",3.172,454
"48,167",3.336,0
"48,169",3.282,216
"48,171",3.015,698
"48,173",3.216,72
"48,175",3.524,281
"48,177",3.729,"4,146"
"48,179",2.747,"1,635"
"48,181",3.114,"8,810"
"48,183",3.262,"8,143"
"48,185",3.331,"7,835"
"48,187",3.637,"7,753"
"48,189",3.267,"7,913"
"48,191",2.556,26
"48,193",3.132,341
"48,195",2.742,423
"48,197",2.783,66
"48,199",3.363,"4,166"
"48,201",3.562,0
"48,203",3.179,"4,954"
"48,205",2.878,575
"48,207",2.785,76
"48,209",3.816,0
"48,211",2.453,221
"48,213",3.157,"2,750"
"48,215",3.625,0
"48,217",3.263,"1,438"
"48,219",3.303,"1,130"
"48,221",3.204,"1,929"
"48,223",3.209,994
"48,225",2.644,"2,275"
"48,227",3.223,729
"48,229",3.762,214
"48,231",3.059,"7,976"
"48,233",2.855,929
"48,235",3.431,32
"48,237",3.52,155
"48,239",3.363,898
"48,241",3.414,864
"48,243",3.691,58
"48,245",3.24,0
"48,247",3.45,334
"48,249",3.426,"3,000"
"48,251",3.356,"8,867"
"48,253",3.072,"7,900"
"48,255",3.644,836
"48,257",3.333,"10,168"
"48,259",3.505,"1,208"
"48,261",3.552,18
"48,263",2.709,1
"48,265",2.833,"1,741"
"48,267",2.941,102
"48,271",3.485,32
"48,273",3.432,"1,593"
"48,275",2.916,63
"48,277",2.991,"4,612"
"48,279",3.31,826
"48,281",3.464,376
"48,283",3.127,602
"48,285",3.543,"2,964"
"48,287",3.056,"1,094"
"48,289",3,860
"48,291",3.408,"5,858"
"48,293",3.517,"1,029"
"48,295",2.586,144
"48,297",3.62,684
"48,299",3.25,320
"48,303",3.32,0
"48,305",3.338,588
"48,307",3.197,277
"48,309",3.508,0
"48,311",3.199,1
"48,313",3.113,"1,012"
"48,315",3.048,486
"48,317",3.224,275
"48,319",2.982,451
"48,321",3.44,"3,944"
"48,323",3.319,"8,047"
"48,325",3.634,"4,187"
"48,327",3.339,144
"48,329",3.185,"4,991"
"48,331",3.559,"1,556"
"48,333",3.096,49
"48,335",2.639,228
"48,337",3.114,303
"48,339",3.39,0
"48,341",2.884,"11,791"
"48,343",2.904,610
"48,345",3.203,20
"48,347",3.029,"6,488"
"48,349",3.459,"5,679"
"48,351",3.249,165
"48,353",3.025,701
"48,355",3.667,0
"48,357",2.673,756
"48,359",2.973,53
"48,361",3.223,"5,155"
"48,363",3.584,641
"48,365",3.09,"2,874"
"48,367",3.46,"5,836"
"48,369",3.174,"2,935"
"48,371",3.146,"1,766"
"48,373",3.391,"3,275"
"48,375",3.045,0
"48,377",3.745,290
"48,379",2.921,201
"48,381",3.067,"5,585"
"48,383",3.22,277
"48,385",3.17,55
"48,387",2.902,"1,532"
"48,389",3.224,801
"48,391",3.412,465
"48,393",2.663,66
"48,395",3.373,"1,045"
"48,397",3.363,"5,440"
"48,399",3.315,249
"48,401",3.199,"3,526"
"48,403",3.086,373
"48,405",3.159,"1,558"
"48,407",3.496,882
"48,409",3.7,"3,153"
"48,411",3.14,93
"48,413",3.526,288
"48,415",2.553,"1,893"
"48,417",3,77
"48,419",3.188,"3,776"
"48,421",2.756,403
"48,423",2.919,"3,867"
"48,425",2.938,237
"48,427",3.678,"10,516"
"48,429",2.752,146
"48,435",3.465,200
"48,437",3.074,596
"48,439",3.508,0
"48,441",3.172,"8,989"
"48,443",3.245,26
"48,445",3.318,527
"48,447",2.837,13
"48,449",2.927,"10,034"
"48,451",3.445,"6,573"
"48,453",3.71,0
"48,455",3.25,718
"48,457",3.451,414
"48,459",3.181,"1,048"
"48,461",3.132,103
"48,463",3.525,"2,369"
"48,465",3.582,"5,170"
"48,467",2.556,"1,881"
"48,469",3.517,"1,724"
"48,471",3.373,0
"48,473",3.38,"2,698"
"48,475",3.139,429
"48,477",3.325,"4,243"
"48,479",3.604,0
"48,481",3.372,"3,581"
"48,483",2.217,253
"48,485",3.282,"6,852"
"48,487",3.067,190
"48,489",3.621,"3,340"
"48,491",3.526,0
"48,493",3.635,"2,044"
"48,495",3.134,460
"48,497",3.325,"2,044"
"48,499",3.168,"1,449"
"48,501",3.171,503
"48,503",3.247,546
"48,505",3.601,844
"48,507",3.259,824
"49,001",2.697,148
"49,003",2.824,"2,593"
"49,005",2.842,0
"49,007",2.653,219
"49,011",3.223,0
"49,013",2.484,233
"49,015",2.734,117
"49,017",2.856,221
"49,019",3.067,270
"49,021",2.93,"4,492"
"49,023",2.236,385
"49,025",2.954,166
"49,027",1.856,956
"49,029",2.691,350
"49,031",2.597,51
"49,033",2.902,52
"49,035",3.402,0
"49,037",3.354,"5,688"
"49,039",2.962,853
"49,041",2.466,715
"49,043",3.343,"7,113"
"49,045",3.16,"3,962"
"49,047",2.228,489
"49,049",2.989,0
"49,051",3.289,"5,686"
"49,053",3.181,0
"49,057",3.038,0
"50,001",3.442,884
"50,003",3.512,954
"50,005",3.019,272
"50,007",3.417,"8,301"
"50,009",3.239,54
"50,011",3.412,"1,428"
"50,013",3.47,139
"50,015",3.088,457
"50,017",3.346,127
"50,019",2.927,182
"50,021",3.384,976
"50,023",2.964,547
"50,025",3.386,"1,273"
"50,027",3.304,786
"51,001",3.725,0
"51,003",3.649,"6,443"
"51,005",2.902,524
"51,007",3.379,619
"51,009",3.293,497
"51,011",3.28,581
"51,013",3.649,0
"51,015",3.482,"2,602"
"51,017",3.062,7
"51,019",3.044,"1,891"
"51,021",2.772,31
"51,023",3.158,"1,881"
"51,025",3.506,"1,558"
"51,027",2.932,472
"51,029",3.51,"7,423"
"51,031",3.212,727
"51,033",3.514,"1,733"
"51,035",3.08,"3,100"
"51,036",3.489,530
"51,037",3.16,446
"51,041",3.434,0
"51,043",3.572,751
"51,045",3.392,110
"51,047",3.345,"10,851"
"51,049",3.458,755
"51,051",3.045,68
"51,053",3.459,"1,978"
"51,057",3.175,796
"51,059",3.605,0
"51,061",3.584,"5,965"
"51,063",3.055,268
"51,065",3.556,"1,634"
"51,067",3.083,"1,327"
"51,069",3.392,"6,916"
"51,071",3.049,232
"51,073",3.672,760
"51,075",3.508,"1,662"
"51,077",2.901,"1,173"
"51,079",3.589,"1,002"
"51,081",3.49,"4,834"
"51,083",3.239,933
"51,085",3.248,"5,964"
"51,087",3.4,0
"51,089",3.075,"4,116"
"51,091",3.234,39
"51,093",3.28,"2,680"
"51,095",3.711,"4,097"
"51,097",3.36,332
"51,099",3.039,"1,322"
"51,101",3.165,639
"51,103",3.51,163
"51,105",2.919,208
"51,107",3.659,0
"51,109",3.547,"1,707"
"51,111",3.299,507
"51,113",3.359,593
"51,115",3.709,84
"51,117",3.29,"3,282"
"51,119",3.537,204
"51,121",3.295,"2,234"
"51,125",3.532,284
"51,127",3.535,837
"51,131",3.595,"3,542"
"51,133",3.491,506
"51,135",3.402,"1,512"
"51,137",3.239,"2,029"
"51,139",3.104,"3,784"
"51,141",3.003,627
"51,143",3.012,"1,920"
"51,145",3.366,"1,135"
"51,147",3.307,"2,902"
"51,149",3.33,"3,273"
"51,153",3.511,0
"51,155",2.998,643
"51,157",3.533,363
"51,159",3.349,"3,947"
"51,161",3.242,"3,884"
"51,163",3.338,434
"51,165",3.188,"9,899"
"51,167",2.597,223
"51,169",2.929,153
"51,171",3.231,"7,811"
"51,173",2.759,553
"51,175",3.547,"2,204"
"51,177",3.564,0
"51,179",3.426,998
"51,181",3.658,227
"51,183",3.578,"2,738"
"51,185",2.752,290
"51,187",3.469,"3,933"
"51,191",2.657,962
"51,193",3.195,"1,821"
"51,195",3.319,450
"51,197",2.837,737
"51,199",3.699,"1,823"
"51,510",3.508,0
"51,520",2.502,106
"51,530",3.217,226
"51,540",3.676,"3,274"
"51,550",3.481,"1,931"
"51,570",3.26,"1,970"
"51,580",2.759,65
"51,590",2.978,"1,401"
"51,595",3.489,"1,876"
"51,600",3.532,933
"51,610",3.643,695
"51,620",3.457,819
"51,630",3.619,"3,448"
"51,640",3.117,"3,619"
"51,650",3.619,"5,544"
"51,660",3.223,"12,620"
"51,670",3.249,"2,510"
"51,678",3.279,183
"51,680",3.255,"2,242"
"51,683",3.57,0
"51,685",3.44,"5,829"
"51,690",3.089,"1,279"
"51,700",3.631,"8,502"
"51,710",3.505,987
"51,720",3.439,52
"51,730",3.356,"3,935"
"51,735",3.577,258
"51,740",3.474,"7,896"
"51,750",3.168,197
"51,760",3.204,0
"51,770",3.182,"6,807"
"51,775",3.292,"1,100"
"51,790",3.499,"1,111"
"51,800",3.274,"6,478"
"51,810",3.483,0
"51,820",3.524,"1,393"
"51,830",3.706,963
"51,840",3.395,"4,405"
"53,001",3.319,"2,602"
"53,003",3.307,273
"53,005",3.423,0
"53,007",3.253,"6,191"
"53,009",3.715,630
"53,011",3.591,"3,644"
"53,013",3.202,107
"53,015",3.364,"3,038"
"53,017",3.236,"4,220"
"53,019",3.102,24
"53,021",3.35,0
"53,023",3.327,4
"53,025",3.35,"9,780"
"53,027",3.47,454
"53,029",3.627,"2,609"
"53,031",3.657,527
"53,033",3.589,0
"53,035",3.657,"3,445"
"53,037",3.375,"2,083"
"53,039",3.247,940
"53,041",3.165,"1,087"
"53,043",3.516,52
"53,045",3.546,727
"53,047",3.281,"2,200"
"53,049",3.309,234
"53,051",3.21,94
"53,053",3.305,0
"53,055",3.653,260
"53,057",3.314,"7,408"
"53,059",3.512,219
"53,061",3.583,0
"53,063",3.386,0
"53,065",3.288,286
"53,067",3.405,"4,301"
"53,069",3.33,65
"53,071",3.287,"2,637"
"53,073",3.504,"8,903"
"53,075",3.553,622
"53,077",3.562,0
"54,001",3.11,225
"54,003",3.035,"6,573"
"54,005",2.815,366
"54,007",2.663,48
"54,009",2.82,236
"54,011",2.86,"2,301"
"54,013",2.786,40
"54,015",2.841,145
"54,019",2.587,981
"54,021",2.684,169
"54,023",2.573,229
"54,025",3.171,868
"54,027",3.395,548
"54,029",2.836,447
"54,031",2.952,595
"54,033",2.948,"1,233"
"54,035",2.985,"1,900"
"54,037",3.153,"3,229"
"54,039",3.028,"4,918"
"54,041",2.845,271
"54,043",2.91,116
"54,045",2.863,407
"54,047",2.831,93
"54,049",3.041,"1,189"
"54,051",3.005,682
"54,053",2.856,288
"54,055",2.789,734
"54,057",3.498,803
"54,059",3.027,341
"54,061",3.086,"5,031"
"54,063",3.251,195
"54,065",3.049,260
"54,067",3.017,213
"54,069",2.941,"1,594"
"54,071",2.864,190
"54,073",2.693,66
"54,075",3.047,448
"54,077",3.263,"1,198"
"54,079",3.148,979
"54,081",2.745,883
"54,083",2.913,"2,302"
"54,085",2.635,26
"54,087",3.008,149
"54,089",3.037,26
"54,091",3.148,257
"54,093",2.919,79
"54,095",2.954,90
"54,097",2.927,318
"54,099",2.669,"1,570"
"54,101",2.958,9
"54,103",3.15,311
"54,105",2.719,66
"54,107",2.752,"1,966"
"54,109",2.817,91
"55,001",2.114,437
"55,003",2.975,60
"55,005",2.56,520
"55,007",3.009,60
"55,009",2.989,0
"55,011",2.913,138
"55,013",2.723,59
"55,015",2.832,"1,732"
"55,017",2.86,"1,543"
"55,019",2.439,"1,218"
"55,021",3.259,"1,392"
"55,023",2.715,552
"55,025",3.458,0
"55,027",2.614,"6,433"
"55,029",3.448,646
"55,031",3.187,622
"55,033",2.9,637
"55,035",2.943,"3,965"
"55,037",3.049,51
"55,039",2.491,"4,571"
"55,041",2.958,560
"55,043",2.756,"2,412"
"55,045",2.873,"1,318"
"55,047",2.785,517
"55,049",2.992,512
"55,051",3.152,132
"55,053",2.983,404
"55,055",2.894,"4,057"
"55,057",2.588,602
"55,059",3.098,0
"55,061",3.331,891
"55,063",3.083,"7,088"
"55,065",2.835,"1,003"
"55,067",2.831,139
"55,069",2.817,231
"55,071",2.386,"1,679"
"55,073",2.534,"3,110"
"55,075",2.926,"1,028"
"55,077",2.164,463
"55,078",2.661,106
"55,079",3.085,0
"55,081",3.03,"1,350"
"55,083",2.887,953
"55,085",3.126,307
"55,087",2.712,"7,641"
"55,089",2.875,"3,801"
"55,091",2.923,77
"55,093",2.928,"1,108"
"55,095",2.776,829
"55,097",2.273,"2,734"
"55,099",3.213,56
"55,101",3.028,0
"55,103",2.304,203
"55,105",3.018,987
"55,107",2.835,143
"55,109",2.778,"3,089"
"55,111",2.84,"1,795"
"55,113",2.868,177
"55,115",2.539,"1,152"
"55,117",2.599,"3,341"
"55,119",2.401,224
"55,121",2.987,"2,012"
"55,123",2.786,509
"55,125",3.148,175
"55,127",2.633,"9,297"
"55,129",2.691,64
"55,131",2.712,"5,950"
"55,133",2.673,0
"55,135",2.934,"1,974"
"55,137",2.533,491
"55,139",2.714,"9,558"
"55,141",2.334,"1,188"
"56,001",2.673,557
"56,003",2.21,334
"56,005",2.185,984
"56,007",2.961,357
"56,009",2.574,351
"56,011",2.593,92
"56,013",2.76,"4,883"
"56,015",2.244,107
"56,017",2.446,169
"56,019",2.222,265
"56,021",2.626,"3,994"
"56,023",2.44,485
"56,025",2.839,"1,976"
"56,027",2.175,26
"56,029",2.198,952
"56,031",2.547,52
"56,033",2.17,369
"56,035",2.422,88
"56,037",2.265,"1,593"
"56,039",2.578,"1,925"
"56,041",2.263,"2,515"
"56,043",2.296,522
"56,045",2.542,21